first_name,last_name,email
Fidelity,Clubley,fclubley0@de.vu
Karim,Pidduck,kpidduck1@state.tx.us
Allina,Cattermoul,acattermoul2@fema.gov
Allissa,Spykins,aspykins3@last.fm
Lina,Danford,ldanford4@ycombinator.com
Darin,Charrier,dcharrier5@posterous.com
Emory,Maudson,emaudson6@jimdo.com
Gerik,Pitrasso,gpitrasso7@usa.gov
Libbi,Skelington,lskelington8@apache.org
Kaspar,Beecroft,kbeecroft9@mlb.com
Lucina,Lilford,llilforda@dell.com
Ferdinanda,Shafe,fshafeb@eventbrite.com
Emelina,Martyntsev,emartyntsevc@prlog.org
Hansiain,Goulding,hgouldingd@ehow.com
Owen,Ramble,oramblee@instagram.com
Renie,Olech,rolechf@nymag.com
Carmina,Keyson,ckeysong@netlog.com
Beverie,Rehorek,brehorekh@walmart.com
Corena,Kienle,ckienlei@hatena.ne.jp
Codi,Shekle,csheklej@bloglovin.com
Franny,Odam,fodamk@walmart.com
Dolores,Parzizek,dparzizekl@linkedin.com
Doti,Krzyzanowski,dkrzyzanowskim@harvard.edu
Ado,Le Monnier,alemonniern@themeforest.net
Zaneta,Matysik,zmatysiko@illinois.edu
Daphna,Stear,dstearp@123-reg.co.uk
Rickard,O'Connell,roconnellq@ameblo.jp
Jacklyn,Perceval,jpercevalr@princeton.edu
Chandra,Toomer,ctoomers@ehow.com
Carola,Hatchett,chatchettt@cornell.edu
Emmye,Demicoli,edemicoliu@state.gov
Kitty,Aysh,kayshv@google.ca
Vi,Woods,vwoodsw@unc.edu
Danyette,Hannah,dhannahx@seesaa.net
Merle,Gotcliffe,mgotcliffey@goo.gl
Yuma,Griffitt,ygriffittz@google.it
Haze,Akam,hakam10@virginia.edu
Waly,Wrefford,wwrefford11@miitbeian.gov.cn
Hort,Garmston,hgarmston12@wikispaces.com
Amory,Blissett,ablissett13@discovery.com
Arri,Askem,aaskem14@google.pl
Mylo,Burchfield,mburchfield15@about.me
Jarib,Auguste,jauguste16@cargocollective.com
Fina,Tuny,ftuny17@businesswire.com
Nickie,Avrashin,navrashin18@dagondesign.com
Raven,Wrotham,rwrotham19@multiply.com
Delbert,Chappell,dchappell1a@skype.com
Tremayne,Whapples,twhapples1b@theglobeandmail.com
Jo,Pietzker,jpietzker1c@washingtonpost.com
Ewen,Chessil,echessil1d@usgs.gov
Carleen,Toohey,ctoohey1e@ameblo.jp
Donica,O' Neligan,doneligan1f@google.co.uk
Edsel,Brauner,ebrauner1g@e-recht24.de
Cinnamon,Tyce,ctyce1h@mayoclinic.com
Rorke,Lies,rlies1i@wisc.edu
Micaela,Plaunch,mplaunch1j@acquirethisname.com
Quintus,Careless,qcareless1k@posterous.com
Alic,Laying,alaying1l@ca.gov
Billi,Dyte,bdyte1m@weibo.com
Ivy,Lambole,ilambole1n@fastcompany.com
Ottilie,Pavek,opavek1o@chronoengine.com
Ainslie,Clotworthy,aclotworthy1p@csmonitor.com
Ilka,McCaskill,imccaskill1q@ihg.com
Joletta,Lindenstrauss,jlindenstrauss1r@yahoo.com
Terra,Gurnay,tgurnay1s@marriott.com
Hyacinthie,Dyton,hdyton1t@fema.gov
Gus,Baudry,gbaudry1u@pcworld.com
Doralynn,Godsafe,dgodsafe1v@ezinearticles.com
Elisha,Mackro,emackro1w@unesco.org
Yul,Bougen,ybougen1x@usa.gov
Selena,Swaine,sswaine1y@omniture.com
Rancell,Jeacocke,rjeacocke1z@t-online.de
Shanta,Robertshaw,srobertshaw20@tiny.cc
Wayne,Stallon,wstallon21@umn.edu
Linnet,Roma,lroma22@tinyurl.com
Silvan,Besant,sbesant23@devhub.com
Marlyn,Widdup,mwiddup24@symantec.com
Lorettalorna,Clarey,lclarey25@t.co
Noah,Bartolomivis,nbartolomivis26@chicagotribune.com
Lothario,Roxbrough,lroxbrough27@technorati.com
Lauralee,Oakshott,loakshott28@yandex.ru
Shawna,Denty,sdenty29@bloomberg.com
Lemar,Burroughes,lburroughes2a@microsoft.com
Brittni,Allsepp,ballsepp2b@vistaprint.com
Bary,Siaskowski,bsiaskowski2c@goo.ne.jp
Renae,Glozman,rglozman2d@ezinearticles.com
Rosalinde,Rothman,rrothman2e@bigcartel.com
Craggie,Casine,ccasine2f@bbb.org
Valeda,Archambault,varchambault2g@drupal.org
Wendeline,Bigglestone,wbigglestone2h@nytimes.com
Cammy,Frensche,cfrensche2i@cmu.edu
Didi,Casford,dcasford2j@instagram.com
Felizio,Goudy,fgoudy2k@zimbio.com
Tove,Reddin,treddin2l@google.co.jp
Tybi,Rappport,trappport2m@webeden.co.uk
Jolyn,Thripp,jthripp2n@cocolog-nifty.com
Cirilo,Carillo,ccarillo2o@smugmug.com
Aubine,Pether,apether2p@pbs.org
Lind,MacFarland,lmacfarland2q@ucoz.com
Rowen,McCrow,rmccrow2r@va.gov
Berke,Misselbrook,bmisselbrook2s@dell.com
Christiano,Weildish,cweildish2t@sun.com
Dorotea,Sycamore,dsycamore2u@nsw.gov.au
Klement,Ubsdale,kubsdale2v@reuters.com
Sheri,McNeish,smcneish2w@1688.com
Arabel,Bawle,abawle2x@bizjournals.com
Dilly,Newborn,dnewborn2y@ebay.co.uk
Gearard,Baser,gbaser2z@foxnews.com
Casey,Farnaby,cfarnaby30@g.co
Melisande,Chstney,mchstney31@miitbeian.gov.cn
Dania,Bahia,dbahia32@skype.com
Cathrin,Woolhouse,cwoolhouse33@a8.net
Darb,Andrivel,dandrivel34@bandcamp.com
Wanda,Taill,wtaill35@dedecms.com
Rainer,Tregonna,rtregonna36@4shared.com
Garland,Disbury,gdisbury37@blogger.com
Stu,Gayforth,sgayforth38@bravesites.com
Alano,Imms,aimms39@soup.io
Tierney,Hasley,thasley3a@mysql.com
Sherill,Skamell,sskamell3b@wufoo.com
Emilio,Itzik,eitzik3c@unesco.org
Rosana,Kenrat,rkenrat3d@netvibes.com
Bess,Canwell,bcanwell3e@privacy.gov.au
Tommi,Verlander,tverlander3f@w3.org
Oswell,Younie,oyounie3g@tuttocitta.it
Gwenni,Karolczyk,gkarolczyk3h@ycombinator.com
Lana,Gouly,lgouly3i@indiatimes.com
Courtney,Macek,cmacek3j@163.com
Vinny,Coney,vconey3k@ucoz.ru
Logan,Morehall,lmorehall3l@businesswire.com
Nico,Gyorffy,ngyorffy3m@blogs.com
Mirella,Woolgar,mwoolgar3n@fc2.com
Marjory,Masding,mmasding3o@cnn.com
Nelson,Maiden,nmaiden3p@nature.com
Rey,Giraudot,rgiraudot3q@pcworld.com
Urban,Limeburn,ulimeburn3r@usa.gov
Dael,Maybey,dmaybey3s@loc.gov
Cherie,Marklin,cmarklin3t@google.com.hk
Carol-jean,Paulley,cpaulley3u@topsy.com
Pollyanna,Grayham,pgrayham3v@examiner.com
Dusty,Bedford,dbedford3w@illinois.edu
Joletta,Quickenden,jquickenden3x@cafepress.com
Cynde,Galway,cgalway3y@arstechnica.com
Fredric,Dering,fdering3z@unicef.org
Michale,Raw,mraw40@myspace.com
Carlyn,Dunlap,cdunlap41@wp.com
Cobby,Redgewell,credgewell42@goo.gl
Nance,Inkpin,ninkpin43@bluehost.com
Marius,Lambertz,mlambertz44@e-recht24.de
Violet,Morgon,vmorgon45@barnesandnoble.com
Klaus,Cregeen,kcregeen46@cargocollective.com
Scarlet,Nurse,snurse47@behance.net
Jonell,Benet,jbenet48@creativecommons.org
Sandro,Dufer,sdufer49@cnn.com
Nolie,Durand,ndurand4a@gizmodo.com
Darelle,Talman,dtalman4b@digg.com
Maggee,Sasser,msasser4c@shutterfly.com
Kristi,Pennetti,kpennetti4d@si.edu
Jonathon,Nelhams,jnelhams4e@printfriendly.com
Dulce,Houlton,dhoulton4f@accuweather.com
Natalie,Sedwick,nsedwick4g@howstuffworks.com
Hermia,Aaronson,haaronson4h@blogger.com
Kirby,McCuis,kmccuis4i@mail.ru
Amelie,Hutcheon,ahutcheon4j@google.co.uk
Tito,Lattimore,tlattimore4k@ezinearticles.com
Tades,Nickell,tnickell4l@pcworld.com
Caryl,Bermingham,cbermingham4m@patch.com
Astrid,Aglione,aaglione4n@patch.com
Gerrard,Blackmuir,gblackmuir4o@fda.gov
Morie,Rodolico,mrodolico4p@blinklist.com
Aurea,Bonome,abonome4q@latimes.com
Mitzi,Cudihy,mcudihy4r@posterous.com
Gregorio,Powelee,gpowelee4s@hostgator.com
Drew,Dunwoody,ddunwoody4t@cbc.ca
Reinhold,Sandal,rsandal4u@infoseek.co.jp
Elfie,Naile,enaile4v@unicef.org
Floris,Astbery,fastbery4w@e-recht24.de
Vite,Realph,vrealph4x@mozilla.com
Robinet,Brunesco,rbrunesco4y@yellowbook.com
Marris,Boulden,mboulden4z@ted.com
Fitz,Sellar,fsellar50@google.ru
Theodor,Brauninger,tbrauninger51@loc.gov
Jorey,Boucher,jboucher52@surveymonkey.com
Raoul,Pirelli,rpirelli53@amazon.co.uk
Mayne,Whitter,mwhitter54@acquirethisname.com
Vivianne,Gromley,vgromley55@blogger.com
Clementius,Peyton,cpeyton56@mail.ru
Leonore,Domerc,ldomerc57@dagondesign.com
Gerardo,Hallyburton,ghallyburton58@stumbleupon.com
Georg,Josh,gjosh59@yelp.com
Magnum,Cunah,mcunah5a@discovery.com
Dody,Sherer,dsherer5b@nasa.gov
Nicolas,Aberdalgy,naberdalgy5c@answers.com
Willy,Vasyunkin,wvasyunkin5d@bandcamp.com
Duane,Huie,dhuie5e@t-online.de
Brook,Dufty,bdufty5f@cdbaby.com
Free,d'Arcy,fdarcy5g@wired.com
Hedwig,Louedey,hlouedey5h@mlb.com
Westley,Downing,wdowning5i@usatoday.com
Taylor,Towey,ttowey5j@craigslist.org
Toma,Pocknoll,tpocknoll5k@topsy.com
Sande,Bienvenu,sbienvenu5l@java.com
Enrica,Sach,esach5m@dailymotion.com
Tull,McIlory,tmcilory5n@sphinn.com
Palmer,Pooke,ppooke5o@deviantart.com
Carola,Awty,cawty5p@oracle.com
Claudelle,Forbear,cforbear5q@smh.com.au
Terrye,Painter,tpainter5r@slate.com
Barris,Mealiffe,bmealiffe5s@exblog.jp
Tami,Haslock(e),thaslocke5t@noaa.gov
Maureene,Deluce,mdeluce5u@cdbaby.com
Ambur,Ewer,aewer5v@independent.co.uk
Aldwin,Ciccotti,aciccotti5w@ftc.gov
Yvette,Lapley,ylapley5x@privacy.gov.au
Israel,Farahar,ifarahar5y@examiner.com
Trumann,Waltering,twaltering5z@unc.edu
Andreana,Loughan,aloughan60@free.fr
Paulina,Matelyunas,pmatelyunas61@sfgate.com
Gui,Brimner,gbrimner62@boston.com
Ruthann,See,rsee63@acquirethisname.com
Harmonia,MacSporran,hmacsporran64@forbes.com
Pen,Creamen,pcreamen65@msn.com
Abie,Pidgen,apidgen66@unblog.fr
Tatum,Limon,tlimon67@theatlantic.com
Alys,Derington,aderington68@europa.eu
Winne,England,wengland69@edublogs.org
Dorella,Lygo,dlygo6a@cnbc.com
Katlin,Chitham,kchitham6b@theglobeandmail.com
Rayner,Patters,rpatters6c@icio.us
Eadith,Hartzog,ehartzog6d@livejournal.com
Cymbre,Paulet,cpaulet6e@tinypic.com
Annelise,O'Heaney,aoheaney6f@ustream.tv
Durante,McChruiter,dmcchruiter6g@amazon.co.jp
Karyl,McKag,kmckag6h@tinypic.com
Brady,Colman,bcolman6i@arstechnica.com
Adriane,McCoish,amccoish6j@hao123.com
Lutero,Abazi,labazi6k@soup.io
Ely,Consterdine,econsterdine6l@github.io
Pen,Woolmore,pwoolmore6m@tuttocitta.it
Sophronia,Kareman,skareman6n@disqus.com
Margarita,Abbot,mabbot6o@163.com
Laird,Ardern,lardern6p@imgur.com
Kelci,Le Gallo,klegallo6q@toplist.cz
Hannis,Sandilands,hsandilands6r@eventbrite.com
Eugen,Sexty,esexty6s@columbia.edu
Katherina,Extal,kextal6t@eepurl.com
Etan,Wynch,ewynch6u@e-recht24.de
Meriel,Whittock,mwhittock6v@washington.edu
Trefor,Pollard,tpollard6w@businessweek.com
Renata,Archbald,rarchbald6x@spotify.com
Estevan,Adamo,eadamo6y@unesco.org
Thia,Whightman,twhightman6z@irs.gov
Jonis,Lyst,jlyst70@msu.edu
Renaud,Carlesso,rcarlesso71@skyrock.com
Raul,Mildenhall,rmildenhall72@usatoday.com
Gertruda,Covert,gcovert73@google.es
Evvie,Shadfourth,eshadfourth74@sakura.ne.jp
Sayre,Burstow,sburstow75@hc360.com
Ingar,Wedmore,iwedmore76@unc.edu
Sterne,Coughlan,scoughlan77@cornell.edu
Etta,Sahlstrom,esahlstrom78@ucoz.com
Tudor,McKimm,tmckimm79@youku.com
Guglielma,Middis,gmiddis7a@scribd.com
Merrile,Belchamp,mbelchamp7b@wikispaces.com
Cullie,Halsey,chalsey7c@google.ca
Cornell,Delnevo,cdelnevo7d@technorati.com
Maryrose,Biasini,mbiasini7e@google.es
Gill,Huffa,ghuffa7f@who.int
Eleanora,Foulgham,efoulgham7g@tiny.cc
Marcy,Fetherston,mfetherston7h@whitehouse.gov
Evelyn,Kitching,ekitching7i@mayoclinic.com
Olly,Obal,oobal7j@meetup.com
Orazio,Attrill,oattrill7k@usnews.com
Jelene,Laybourne,jlaybourne7l@cdc.gov
Melly,Vergo,mvergo7m@odnoklassniki.ru
Darlene,Burnapp,dburnapp7n@github.com
Caro,Breffit,cbreffit7o@ocn.ne.jp
Benson,Milne,bmilne7p@photobucket.com
Drucy,Posse,dposse7q@typepad.com
Tedie,Newart,tnewart7r@wix.com
Crissy,Gilkison,cgilkison7s@bluehost.com
Zarah,Keeney,zkeeney7t@livejournal.com
Katha,de Courcey,kdecourcey7u@usnews.com
Bunni,Mollatt,bmollatt7v@answers.com
Maridel,Stiles,mstiles7w@blogs.com
Jerad,Flawith,jflawith7x@over-blog.com
Aimil,Goldsmith,agoldsmith7y@ning.com
Emily,Giorgietto,egiorgietto7z@samsung.com
Denis,Bonefant,dbonefant80@elpais.com
Rozanne,Kirsch,rkirsch81@mozilla.org
Ben,Uccelli,buccelli82@princeton.edu
Raychel,Burchill,rburchill83@va.gov
Lula,Ickovic,lickovic84@cornell.edu
Tyrus,Onions,tonions85@timesonline.co.uk
Berna,Icom,bicom86@nymag.com
Curtice,Shemmans,cshemmans87@wsj.com
Jobie,Ivashintsov,jivashintsov88@hibu.com
Mirella,Carus,mcarus89@odnoklassniki.ru
Catharina,Vido,cvido8a@timesonline.co.uk
Harcourt,Olivier,holivier8b@pcworld.com
Augie,Brinkler,abrinkler8c@alibaba.com
Neilla,Snoden,nsnoden8d@wix.com
Frederigo,Spyby,fspyby8e@answers.com
Philbert,Broadstock,pbroadstock8f@ftc.gov
Fleurette,Cesco,fcesco8g@twitpic.com
Geoffrey,Attersoll,gattersoll8h@taobao.com
Terencio,Jepps,tjepps8i@imgur.com
Sherlock,Filipputti,sfilipputti8j@washingtonpost.com
Faun,Pacitti,fpacitti8k@chron.com
Lydon,Rabl,lrabl8l@purevolume.com
Tamra,Jaher,tjaher8m@google.ru
Olwen,Kenway,okenway8n@discuz.net
Mercy,Dungay,mdungay8o@shop-pro.jp
Ursola,Lenton,ulenton8p@addtoany.com
Iosep,Bettlestone,ibettlestone8q@discovery.com
Fanny,Rennolds,frennolds8r@unc.edu
Lorita,Straw,lstraw8s@unesco.org
Marc,Gosenell,mgosenell8t@google.com.hk
Roger,Larvor,rlarvor8u@columbia.edu
Reena,Labon,rlabon8v@gravatar.com
Dee dee,Craghead,dcraghead8w@naver.com
Inessa,Lakenton,ilakenton8x@cisco.com
Raleigh,Twamley,rtwamley8y@printfriendly.com
Jedd,Pevie,jpevie8z@biglobe.ne.jp
Husain,Pick,hpick90@craigslist.org
Natka,Tresvina,ntresvina91@cdbaby.com
Raquel,Kyncl,rkyncl92@xrea.com
Juliette,Seymour,jseymour93@mysql.com
Vitia,Staniford,vstaniford94@usa.gov
Katrinka,Corfield,kcorfield95@comcast.net
Tobiah,Ismirnioglou,tismirnioglou96@cyberchimps.com
Lyell,Birrel,lbirrel97@constantcontact.com
Maxy,Risom,mrisom98@drupal.org
Lazar,Smoth,lsmoth99@soundcloud.com
Giustino,Dumbleton,gdumbleton9a@answers.com
Ferdy,Jahndel,fjahndel9b@github.com
Iolande,Flexman,iflexman9c@bravesites.com
Buckie,Myring,bmyring9d@statcounter.com
Shandy,Heakins,sheakins9e@instagram.com
Emmet,McNelly,emcnelly9f@blogs.com
Salomone,Bison,sbison9g@twitpic.com
Phillip,Vasichev,pvasichev9h@woothemes.com
Cherlyn,Findon,cfindon9i@uiuc.edu
Margie,Stuther,mstuther9j@blogtalkradio.com
Sibbie,Bissill,sbissill9k@hud.gov
Barton,McClinton,bmcclinton9l@columbia.edu
Gratiana,Barnwille,gbarnwille9m@w3.org
Audrey,Smouten,asmouten9n@wiley.com
Ariana,Engley,aengley9o@craigslist.org
Gray,Degli Antoni,gdegliantoni9p@slideshare.net
Rosina,McElhinney,rmcelhinney9q@cocolog-nifty.com
Deb,Feria,dferia9r@howstuffworks.com
Claudia,Heeks,cheeks9s@bandcamp.com
Ninon,MacElroy,nmacelroy9t@deliciousdays.com
Margaretha,Penrose,mpenrose9u@aol.com
Tomasina,Spiers,tspiers9v@npr.org
Chilton,Postans,cpostans9w@tmall.com
Odille,Sutehall,osutehall9x@domainmarket.com
Phillis,Ahrendsen,pahrendsen9y@amazonaws.com
Dorelia,Aberdeen,daberdeen9z@g.co
Tait,Searight,tsearighta0@soup.io
Trip,Skeech,tskeecha1@domainmarket.com
Gussie,Smoth,gsmotha2@exblog.jp
Nesta,Capstick,ncapsticka3@so-net.ne.jp
Ralf,Allberry,rallberrya4@4shared.com
Bobine,Dummett,bdummetta5@toplist.cz
Grissel,Rebbeck,grebbecka6@hostgator.com
Rawley,Beckmann,rbeckmanna7@unc.edu
Jereme,Odger,jodgera8@disqus.com
Amalie,Tuppeny,atuppenya9@diigo.com
Maighdiln,Binestead,mbinesteadaa@nyu.edu
Lea,Freund,lfreundab@desdev.cn
Elane,Aiers,eaiersac@mail.ru
Dickie,Sturge,dsturgead@about.com
Clarice,Whalley,cwhalleyae@state.gov
Ludovico,Westmorland,lwestmorlandaf@cyberchimps.com
Fulton,de Verson,fdeversonag@desdev.cn
Darci,Curnok,dcurnokah@mediafire.com
Margette,Outlaw,moutlawai@forbes.com
Katalin,Carroll,kcarrollaj@wisc.edu
Loretta,Thistleton,lthistletonak@nymag.com
Clevie,Deppen,cdeppenal@mozilla.org
Deena,Cawley,dcawleyam@oracle.com
Ingrim,Eaden,ieadenan@globo.com
Karyn,De Roberto,kderobertoao@domainmarket.com
Sampson,Semken,ssemkenap@ezinearticles.com
Amalle,Dunan,adunanaq@domainmarket.com
Gus,Scarsbrook,gscarsbrookar@zdnet.com
Arvy,Aisbett,aaisbettas@blinklist.com
Toddy,Howle,thowleat@amazon.de
Brier,Butterfield,bbutterfieldau@wikimedia.org
Becka,Minelli,bminelliav@sbwire.com
Alex,Ruhben,aruhbenaw@microsoft.com
Lindsey,Philson,lphilsonax@dion.ne.jp
Rosco,Olivia,roliviaay@furl.net
Yule,Deniscke,ydenisckeaz@npr.org
Glyn,Lodeke,glodekeb0@dyndns.org
Reginauld,Dupree,rdupreeb1@fema.gov
Mirella,Ploughwright,mploughwrightb2@behance.net
Susette,Wight,swightb3@gravatar.com
Martita,Arghent,marghentb4@studiopress.com
Prue,Noweak,pnoweakb5@webnode.com
Jerrine,Brellin,jbrellinb6@blogger.com
Stevie,Radmer,sradmerb7@ycombinator.com
Simeon,Jellis,sjellisb8@dot.gov
Ilise,Redshaw,iredshawb9@nba.com
Stella,MacGilpatrick,smacgilpatrickba@pinterest.com
Dorolisa,Simkovich,dsimkovichbb@typepad.com
Maybelle,Tesh,mteshbc@dmoz.org
Timmie,Webburn,twebburnbd@vk.com
Matti,Rorke,mrorkebe@usa.gov
Marven,Godden,mgoddenbf@google.com.hk
Leoine,Tunesi,ltunesibg@weibo.com
Darb,Posselow,dposselowbh@theguardian.com
Cleopatra,Jancy,cjancybi@netvibes.com
Hamilton,Harberer,hharbererbj@rediff.com
Alexis,Toman,atomanbk@un.org
Vail,Parnaby,vparnabybl@tinypic.com
Merola,Hepher,mhepherbm@nsw.gov.au
Berkeley,Bendon,bbendonbn@51.la
Giffie,Feifer,gfeiferbo@netlog.com
Lilyan,Reicharz,lreicharzbp@fotki.com
Sofia,Giannazzo,sgiannazzobq@usgs.gov
Forrest,Cotty,fcottybr@a8.net
Nana,McAteer,nmcateerbs@people.com.cn
Natalie,Sermin,nserminbt@tumblr.com
Fifine,Ireland,firelandbu@jalbum.net
Carena,Sheridan,csheridanbv@sun.com
Nance,Klouz,nklouzbw@accuweather.com
Viola,Jandourek,vjandourekbx@cafepress.com
Renaud,Doyley,rdoyleyby@who.int
Zak,Pietruszka,zpietruszkabz@youku.com
Germaine,Halvorsen,ghalvorsenc0@fema.gov
Brandea,Fortnam,bfortnamc1@columbia.edu
Wesley,Ommanney,wommanneyc2@flavors.me
Connie,Warby,cwarbyc3@ft.com
Lucienne,Traves,ltravesc4@blogs.com
Bary,Frankham,bfrankhamc5@last.fm
Jeane,Ottee,jotteec6@nydailynews.com
Nerty,Tilsley,ntilsleyc7@pagesperso-orange.fr
Eimile,Furmagier,efurmagierc8@google.de
Danni,Veque,dvequec9@bluehost.com
Isaiah,Grinley,igrinleyca@phpbb.com
Carroll,Winny,cwinnycb@t.co
Debbie,Sterte,dstertecc@usnews.com
Jamill,Bertholin,jbertholincd@about.me
Tanny,Huxley,thuxleyce@lulu.com
Alasteir,Winfred,awinfredcf@t.co
Brant,Moogan,bmoogancg@cloudflare.com
Elonore,Kennady,ekennadych@homestead.com
Siegfried,Pretti,sprettici@cbslocal.com
Gil,Maldin,gmaldincj@example.com
Brina,McCumesky,bmccumeskyck@unblog.fr
Kimberlee,Menci,kmencicl@google.cn
Yolanthe,Lockhart,ylockhartcm@friendfeed.com
Devlin,Seakin,dseakincn@newyorker.com
Kin,Provest,kprovestco@infoseek.co.jp
Kissie,Josipovitz,kjosipovitzcp@princeton.edu
Patricio,Cartwight,pcartwightcq@ocn.ne.jp
Eda,Eddoes,eeddoescr@umn.edu
Cob,Mawer,cmawercs@cdbaby.com
Deeann,Despenser,ddespenserct@feedburner.com
Franklin,Vasyukhin,fvasyukhincu@freewebs.com
Nathanial,Braycotton,nbraycottoncv@tiny.cc
Palmer,Kubas,pkubascw@virginia.edu
Sigismundo,Shawyer,sshawyercx@so-net.ne.jp
Bondy,Castan,bcastancy@cnet.com
Agnes,Satchell,asatchellcz@uiuc.edu
Barbaraanne,Robinett,brobinettd0@printfriendly.com
Toby,Frangello,tfrangellod1@feedburner.com
Sawyer,Andrieux,sandrieuxd2@about.me
Davon,Jendas,djendasd3@msn.com
Vannie,Athersmith,vathersmithd4@1688.com
Boigie,McBeth,bmcbethd5@ycombinator.com
Bili,Vettore,bvettored6@webmd.com
Lurline,Kenyon,lkenyond7@amazon.co.uk
Verene,Delagnes,vdelagnesd8@a8.net
Riccardo,Beals,rbealsd9@salon.com
Amelie,Livingstone,alivingstoneda@reuters.com
Kaye,Oakenfield,koakenfielddb@canalblog.com
Lorry,Arghent,larghentdc@flickr.com
Aymer,Stolberg,astolbergdd@rambler.ru
Titus,Hutchason,thutchasonde@example.com
Hayley,Tarren,htarrendf@liveinternet.ru
Alva,Viles,avilesdg@quantcast.com
Osgood,Chessil,ochessildh@seattletimes.com
Nikolaus,Baumadier,nbaumadierdi@mapquest.com
Alfie,Gloster,aglosterdj@geocities.jp
Sara,Shatford,sshatforddk@xrea.com
Wesley,McGuiness,wmcguinessdl@youku.com
Grayce,Caselli,gcasellidm@phoca.cz
Avrit,Fearon,afearondn@freewebs.com
Jerrylee,Westnedge,jwestnedgedo@bbc.co.uk
Gothart,Jeannel,gjeanneldp@typepad.com
Susy,O'Sherin,sosherindq@yahoo.co.jp
Kissiah,Freak,kfreakdr@nyu.edu
Adeline,Juszczak,ajuszczakds@plala.or.jp
Harp,Parysowna,hparysownadt@4shared.com
Sherwin,Voden,svodendu@desdev.cn
Savina,Hailey,shaileydv@uol.com.br
Natalina,Foggarty,nfoggartydw@ucoz.com
Frederic,Floyed,ffloyeddx@jigsy.com
Aurelea,Tute,atutedy@51.la
Ranique,Orwin,rorwindz@ebay.co.uk
Gwenneth,Peregrine,gperegrinee0@omniture.com
Drake,Figliovanni,dfigliovannie1@indiatimes.com
Joe,Jedraszek,jjedraszeke2@pen.io
Florinda,Faustian,ffaustiane3@facebook.com
Dominick,Bellwood,dbellwoode4@tinyurl.com
Minta,Twinterman,mtwintermane5@google.com.au
Bette-ann,Orrum,borrume6@telegraph.co.uk
Joela,Purser,jpursere7@prnewswire.com
Juliana,Matterson,jmattersone8@furl.net
Dennison,Tickel,dtickele9@independent.co.uk
Wake,Rait,wraitea@scribd.com
Jared,Wiersma,jwiersmaeb@gizmodo.com
Correy,Parcells,cparcellsec@accuweather.com
Shayne,Aitcheson,saitchesoned@squidoo.com
Sibilla,Whittock,swhittockee@berkeley.edu
Karol,Ashingden,kashingdenef@dmoz.org
Sheeree,Edington,sedingtoneg@sohu.com
Gareth,Nizard,gnizardeh@miitbeian.gov.cn
Hermine,Tyrer,htyrerei@edublogs.org
Adair,Cazereau,acazereauej@nationalgeographic.com
Henka,Denyukhin,hdenyukhinek@webeden.co.uk
Stevie,Haseman,shasemanel@toplist.cz
Jaquenette,O'Sharkey,josharkeyem@free.fr
Dieter,Whaley,dwhaleyen@miibeian.gov.cn
Brice,Valentino,bvalentinoeo@tiny.cc
Isaac,Isoldi,iisoldiep@sciencedirect.com
Marylin,Jarmain,mjarmaineq@fc2.com
Allie,Castagnet,acastagneter@msu.edu
Wylma,Miroy,wmiroyes@cargocollective.com
Gabrielle,Smedley,gsmedleyet@slate.com
Bobine,Catterick,bcatterickeu@netlog.com
Jordan,Hayler,jhaylerev@mail.ru
Glennis,Djokic,gdjokicew@imgur.com
Margalit,Gherarducci,mgherarducciex@photobucket.com
Royall,Foreman,rforemaney@ucla.edu
Linus,Pell,lpellez@amazonaws.com
Gerti,Gallear,ggallearf0@comsenz.com
Christina,Jehan,cjehanf1@imageshack.us
Keely,Hambribe,khambribef2@dropbox.com
Gaultiero,Vaughan-Hughes,gvaughanhughesf3@tripod.com
Andrea,Fairbank,afairbankf4@mozilla.com
Noel,Glidden,ngliddenf5@constantcontact.com
Courtnay,Cantua,ccantuaf6@over-blog.com
Maye,Nyles,mnylesf7@tamu.edu
Salli,Argente,sargentef8@homestead.com
Milzie,Lippett,mlippettf9@ocn.ne.jp
Sabrina,Debell,sdebellfa@biglobe.ne.jp
Esdras,Synke,esynkefb@aol.com
Hamlen,Weldon,hweldonfc@businessweek.com
Hoebart,Gutowska,hgutowskafd@walmart.com
Sharity,Duxbury,sduxburyfe@ucsd.edu
Stearn,Becken,sbeckenff@opensource.org
Crysta,Braycotton,cbraycottonfg@pbs.org
Julina,Duddell,jduddellfh@miibeian.gov.cn
Sanders,McConachie,smcconachiefi@geocities.com
Vittoria,McCullagh,vmccullaghfj@businesswire.com
Manny,Hasluck,mhasluckfk@ifeng.com
Leesa,Clere,lclerefl@slideshare.net
Ebenezer,Roadknight,eroadknightfm@live.com
Darb,Simonite,dsimonitefn@answers.com
Phil,Crofthwaite,pcrofthwaitefo@furl.net
Otha,Mundle,omundlefp@youku.com
Elyse,Whitecross,ewhitecrossfq@amazon.de
Giffard,Downton,gdowntonfr@cdc.gov
Maynord,Divine,mdivinefs@pagesperso-orange.fr
Maribelle,Mahon,mmahonft@nydailynews.com
Miriam,Lessmare,mlessmarefu@indiatimes.com
Jania,Skade,jskadefv@cloudflare.com
Donnajean,Goater,dgoaterfw@princeton.edu
Bell,Dik,bdikfx@phpbb.com
Darrin,Wason,dwasonfy@sphinn.com
Averyl,Guwer,aguwerfz@webmd.com
Wilfred,Fellgett,wfellgettg0@google.com.br
Arabelle,Braam,abraamg1@ameblo.jp
Lorinda,Balcock,lbalcockg2@foxnews.com
Amaleta,Crucetti,acrucettig3@feedburner.com
Norry,McCue,nmccueg4@skype.com
Sybil,Hemphrey,shemphreyg5@bigcartel.com
Neilla,Rawlins,nrawlinsg6@reddit.com
Palmer,Walch,pwalchg7@vk.com
Hardy,Gerriets,hgerrietsg8@nydailynews.com
Theodoric,Blachford,tblachfordg9@webs.com
Lorin,Yepiskov,lyepiskovga@ucsd.edu
Sharon,Jagger,sjaggergb@nytimes.com
Maximilianus,Viste,mvistegc@opera.com
Brittaney,Comfort,bcomfortgd@shop-pro.jp
Nathanil,Gronauer,ngronauerge@weebly.com
Tildy,Laughren,tlaughrengf@example.com
Maury,Shreeves,mshreevesgg@paypal.com
Warde,Fredy,wfredygh@woothemes.com
Bealle,Hyde-Chambers,bhydechambersgi@list-manage.com
Moina,Jeaffreson,mjeaffresongj@netvibes.com
Dori,Luscombe,dluscombegk@sina.com.cn
Dollie,Letrange,dletrangegl@cpanel.net
Sheelagh,Antosch,santoschgm@1und1.de
Janenna,Dubery,jduberygn@merriam-webster.com
Fayth,Folini,ffolinigo@youtu.be
Casper,Pfeffle,cpfefflegp@mapquest.com
David,Cockle,dcocklegq@ucsd.edu
Berne,Kareman,bkaremangr@bing.com
Kliment,Westberg,kwestberggs@wikimedia.org
Jessika,Caney,jcaneygt@auda.org.au
Wyatan,Reggio,wreggiogu@fc2.com
Trude,Middell,tmiddellgv@chicagotribune.com
Matti,Rivenzon,mrivenzongw@naver.com
Giffie,Plampeyn,gplampeyngx@godaddy.com
Garrard,Pynner,gpynnergy@dion.ne.jp
Jay,McCarrick,jmccarrickgz@comsenz.com
Michaelina,Kettoe,mkettoeh0@wix.com
Llywellyn,Emmitt,lemmitth1@va.gov
Rodina,Celier,rcelierh2@washington.edu
Kassia,Eyes,keyesh3@e-recht24.de
Tomasina,McGowan,tmcgowanh4@yahoo.co.jp
Yanaton,Still,ystillh5@tinypic.com
Rebecca,Aggis,raggish6@weather.com
Gill,Vasilmanov,gvasilmanovh7@typepad.com
Kaylee,Connal,kconnalh8@upenn.edu
Merola,Tatlock,mtatlockh9@ihg.com
Filia,Bread,fbreadha@joomla.org
Randall,Crowth,rcrowthhb@si.edu
Frasco,Moro,fmorohc@seesaa.net
Rad,McSporon,rmcsporonhd@redcross.org
Etta,McOnie,emconiehe@archive.org
Livy,Storrar,lstorrarhf@techcrunch.com
Petronilla,Yesinov,pyesinovhg@discuz.net
Marthe,Brownlee,mbrownleehh@soundcloud.com
Paulette,Pluvier,ppluvierhi@eepurl.com
Brand,Silbersak,bsilbersakhj@myspace.com
Dougie,Titt,dtitthk@mashable.com
Micky,Drever,mdreverhl@livejournal.com
Val,Ivashin,vivashinhm@exblog.jp
Maridel,Crix,mcrixhn@arizona.edu
Danny,Insoll,dinsollho@cyberchimps.com
Davis,Chaunce,dchauncehp@tiny.cc
Zebulon,Selby,zselbyhq@soundcloud.com
Bili,Duhig,bduhighr@cornell.edu
Merle,Sigmund,msigmundhs@icio.us
Ashley,Buick,abuickht@guardian.co.uk
Daryn,Hemphrey,dhemphreyhu@dailymotion.com
Polly,Mallows,pmallowshv@msu.edu
Tabbitha,Terrett,tterretthw@liveinternet.ru
Lucina,Josefowicz,ljosefowiczhx@xinhuanet.com
Amalea,Plevin,aplevinhy@yahoo.co.jp
Dallon,Skilton,dskiltonhz@printfriendly.com
Betty,Karleman,bkarlemani0@biglobe.ne.jp
Ebonee,Tregale,etregalei1@over-blog.com
Whitney,Beetham,wbeethami2@networksolutions.com
Price,West,pwesti3@youtu.be
Legra,Dougherty,ldoughertyi4@slideshare.net
Leann,McRae,lmcraei5@springer.com
Clementine,Higgonet,chiggoneti6@simplemachines.org
Cody,Peert,cpeerti7@bloglines.com
Colman,Hazelton,chazeltoni8@blinklist.com
Augustin,Louis,alouisi9@mail.ru
Jarred,Leggatt,jleggattia@elegantthemes.com
Herschel,Bentham3,hbenthamib@infoseek.co.jp
Jobye,Dmitrovic,jdmitrovicic@state.gov
Lotta,Beamand,lbeamandid@furl.net
Fons,Caldes,fcaldesie@baidu.com
Rosmunda,Gladman,rgladmanif@people.com.cn
Yoshi,Rossi,yrossiig@comsenz.com
Chrissie,Benninck,cbenninckih@springer.com
Saunderson,Redwing,sredwingii@slate.com
Lenna,Zwicker,lzwickerij@intel.com
Dierdre,Scothorne,dscothorneik@bravesites.com
Fiona,Torre,ftorreil@opera.com
Charla,Orteaux,corteauxim@nasa.gov
Kermit,Tutin,ktutinin@plala.or.jp
Ag,Yeld,ayeldio@eventbrite.com
Beverlee,Kitchingham,bkitchinghamip@independent.co.uk
Whittaker,MacKeogh,wmackeoghiq@posterous.com
Franchot,Georghiou,fgeorghiouir@bigcartel.com
Elva,Brightwell,ebrightwellis@army.mil
Les,Justun,ljustunit@wp.com
Lorita,Malthouse,lmalthouseiu@stanford.edu
Cord,Schirok,cschirokiv@about.com
Antoine,Byneth,abynethiw@adobe.com
Evangelia,Caddan,ecaddanix@nifty.com
Riki,Barke,rbarkeiy@livejournal.com
Orv,Ogelsby,oogelsbyiz@washington.edu
Reed,MacKerley,rmackerleyj0@wikimedia.org
Phillis,Benns,pbennsj1@mtv.com
Charmain,Sidnall,csidnallj2@sitemeter.com
Verine,Este,vestej3@twitpic.com
Kain,Mathou,kmathouj4@independent.co.uk
Cornelia,Garrood,cgarroodj5@globo.com
Dulce,Leech,dleechj6@ameblo.jp
Nissa,Rumens,nrumensj7@digg.com
Mignonne,Roxby,mroxbyj8@wired.com
Agnola,Groombridge,agroombridgej9@4shared.com
Samuele,Brame,sbrameja@oakley.com
Nathanial,Whisby,nwhisbyjb@state.tx.us
Lemar,Ruslin,lruslinjc@behance.net
Tod,Wreiford,twreifordjd@amazon.co.uk
Shepard,Brownhall,sbrownhallje@usa.gov
Terrijo,Coupman,tcoupmanjf@over-blog.com
Tisha,Macallam,tmacallamjg@businesswire.com
Adriena,Harford,aharfordjh@oracle.com
Giustino,Basill,gbasillji@sun.com
Cher,Burdell,cburdelljj@sciencedirect.com
Carree,Emanueli,cemanuelijk@epa.gov
Artair,Leafe,aleafejl@ft.com
Sid,Poxton,spoxtonjm@wired.com
Tabitha,Pawlick,tpawlickjn@icio.us
Killie,Deaves,kdeavesjo@telegraph.co.uk
Ferdy,Nafzger,fnafzgerjp@craigslist.org
Clotilda,Rorke,crorkejq@posterous.com
Lezley,Prewer,lprewerjr@forbes.com
Kinny,Cansdale,kcansdalejs@jalbum.net
Jerrylee,Linklet,jlinkletjt@ucla.edu
Glenden,Boutwell,gboutwellju@hibu.com
Cordy,Ealles,ceallesjv@chronoengine.com
Hagan,Leser,hleserjw@msn.com
Micheline,Ucchino,mucchinojx@nytimes.com
Alie,Blondin,ablondinjy@storify.com
Marven,Stubbin,mstubbinjz@nsw.gov.au
Lydie,Warde,lwardek0@abc.net.au
Ines,Kinset,ikinsetk1@pcworld.com
Aldridge,Dollman,adollmank2@opensource.org
Vernen,Ogger,voggerk3@amazonaws.com
Elissa,Pentelow,epentelowk4@ibm.com
Oliviero,Brodhead,obrodheadk5@booking.com
Tressa,Facchini,tfacchinik6@jiathis.com
Toinette,Bream,tbreamk7@pbs.org
Fernande,Airey,faireyk8@usgs.gov
Rory,Gunther,rguntherk9@gnu.org
Marcia,Bernardo,mbernardoka@sourceforge.net
Trace,Ponde,tpondekb@apple.com
Carlita,Davys,cdavyskc@opensource.org
Heddie,McGrorty,hmcgrortykd@dedecms.com
Wilhelmina,Jacquemot,wjacquemotke@wordpress.com
Rosabella,Tudgay,rtudgaykf@domainmarket.com
Boote,Rief,briefkg@accuweather.com
Henrietta,Sabben,hsabbenkh@google.it
Shannah,Cragoe,scragoeki@mac.com
Ursula,Rivett,urivettkj@google.it
Wolfie,Corish,wcorishkk@google.co.uk
Dodi,Spoole,dspoolekl@foxnews.com
Dani,Denmead,ddenmeadkm@hexun.com
Jillian,Guillford,jguillfordkn@newsvine.com
Raymund,Doyley,rdoyleyko@samsung.com
Graeme,Caldera,gcalderakp@pinterest.com
Emmie,Blamey,eblameykq@va.gov
Ginnifer,Blasing,gblasingkr@scribd.com
Alexandros,Lynn,alynnks@quantcast.com
Zechariah,Mersh,zmershkt@netlog.com
Chandal,Berthot,cberthotku@wunderground.com
Scarlett,Saltman,ssaltmankv@go.com
Moll,Nestoruk,mnestorukkw@wunderground.com
Dilan,Hugueville,dhuguevillekx@accuweather.com
Maryrose,Greeding,mgreedingky@timesonline.co.uk
Lenna,Simla,lsimlakz@bloomberg.com
Isa,Flescher,iflescherl0@people.com.cn
Staci,Banat,sbanatl1@google.pl
Tiphany,Larret,tlarretl2@tripadvisor.com
Opalina,Sargent,osargentl3@angelfire.com
Peta,Maunder,pmaunderl4@photobucket.com
Ferrel,Habbin,fhabbinl5@usnews.com
Birdie,Satterthwaite,bsatterthwaitel6@mac.com
Antonino,Britland,abritlandl7@newsvine.com
Patience,Dehn,pdehnl8@bizjournals.com
Ellynn,Rudkin,erudkinl9@51.la
Axel,Critch,acritchla@harvard.edu
Merilee,Rixon,mrixonlb@bloglines.com
Nicholle,Milkin,nmilkinlc@ocn.ne.jp
Kamilah,Berrey,kberreyld@cbc.ca
Korney,Saulter,ksaulterle@infoseek.co.jp
Jack,Arnell,jarnelllf@blogger.com
Kalie,Caddan,kcaddanlg@huffingtonpost.com
Riki,Pleat,rpleatlh@blogtalkradio.com
Zitella,Pallas,zpallasli@miibeian.gov.cn
Wilona,Renzullo,wrenzullolj@unesco.org
Ced,Dannel,cdannellk@usatoday.com
Art,Brecknall,abrecknallll@cdc.gov
Manolo,Stannah,mstannahlm@blog.com
Gillie,Bindin,gbindinln@google.pl
Zachary,Ricco,zriccolo@economist.com
Belle,Derrington,bderringtonlp@com.com
Tobye,Esposito,tespositolq@soundcloud.com
Gretal,Mairs,gmairslr@baidu.com
Jacob,Cordelette,jcordelettels@chicagotribune.com
Heda,Danielis,hdanielislt@usnews.com
Dagny,Race,dracelu@google.it
Ban,Bielfeld,bbielfeldlv@marriott.com
Marietta,Brownsworth,mbrownsworthlw@ed.gov
Alma,Alvares,aalvareslx@si.edu
Doroteya,Feige,dfeigely@mozilla.org
Josephine,Arnli,jarnlilz@nationalgeographic.com
Blayne,Czajkowska,bczajkowskam0@mysql.com
Filippo,Folk,ffolkm1@buzzfeed.com
Kaylee,Dendle,kdendlem2@yolasite.com
Quintana,Mccaull,qmccaullm3@plala.or.jp
Mendy,Powter,mpowterm4@irs.gov
Claudianus,Carson,ccarsonm5@accuweather.com
Aaren,Maybery,amayberym6@youku.com
Corbin,Good,cgoodm7@posterous.com
Genni,McGeagh,gmcgeaghm8@meetup.com
Fedora,Jenkyn,fjenkynm9@naver.com
Anna-maria,Shaves,ashavesma@studiopress.com
Cordi,Peddel,cpeddelmb@craigslist.org
Nealy,Graysmark,ngraysmarkmc@youku.com
Chrissy,Mortimer,cmortimermd@omniture.com
Latashia,Meharry,lmeharryme@ucsd.edu
Milli,Krolman,mkrolmanmf@aboutads.info
Avery,Studdard,astuddardmg@wikipedia.org
Osbert,Francescoccio,ofrancescocciomh@vkontakte.ru
Brinn,Soppitt,bsoppittmi@elpais.com
Marguerite,Coughtrey,mcoughtreymj@reuters.com
Antonietta,Dowall,adowallmk@deliciousdays.com
Ewell,Bedenham,ebedenhamml@dell.com
Andriana,Ortega,aortegamm@mashable.com
Bartie,Mace,bmacemn@theguardian.com
Blondy,Markussen,bmarkussenmo@dailymotion.com
Anthony,Menichillo,amenichillomp@toplist.cz
Truman,Ramet,trametmq@vistaprint.com
Der,MacMorland,dmacmorlandmr@twitpic.com
Matt,Ilyushkin,milyushkinms@answers.com
Mal,Jendrusch,mjendruschmt@ucoz.com
Rand,Clementel,rclementelmu@tumblr.com
Vidovic,Slemming,vslemmingmv@vk.com
Karrie,Deeson,kdeesonmw@bandcamp.com
Moses,Crosen,mcrosenmx@discuz.net
Flori,Bilsborrow,fbilsborrowmy@about.me
Regine,Norton,rnortonmz@t-online.de
Morgen,MacVanamy,mmacvanamyn0@discuz.net
Byrann,Twiname,btwinamen1@ovh.net
Tressa,Cawthra,tcawthran2@w3.org
Rubetta,Tuma,rtuman3@nationalgeographic.com
Dannie,Solloway,dsollowayn4@mozilla.org
Gabi,Baudins,gbaudinsn5@google.it
Fiona,Smethurst,fsmethurstn6@ameblo.jp
Kitti,Torbett,ktorbettn7@mayoclinic.com
Garold,Gianilli,ggianillin8@nbcnews.com
Imogene,Remer,iremern9@drupal.org
Carlyle,Kenlin,ckenlinna@hc360.com
Curtis,Itzkovitch,citzkovitchnb@bravesites.com
Cyrus,Grishanin,cgrishaninnc@multiply.com
Analiese,Bountiff,abountiffnd@un.org
Aimil,Maudlin,amaudlinne@pagesperso-orange.fr
Chance,Conquest,cconquestnf@people.com.cn
Georgi,Yu,gyung@uol.com.br
Timi,Danilin,tdanilinnh@marriott.com
Stevana,Moulder,smoulderni@typepad.com
Misha,Pleuman,mpleumannj@histats.com
Jared,Duesberry,jduesberrynk@digg.com
Brad,Ivashkin,bivashkinnl@naver.com
Carrol,Goble,cgoblenm@reference.com
Shelley,Grisdale,sgrisdalenn@examiner.com
Gregg,Wimbury,gwimburyno@gmpg.org
Nikita,Poupard,npoupardnp@surveymonkey.com
Manuel,Sivier,msiviernq@spiegel.de
Anabelle,Brackstone,abrackstonenr@360.cn
Giordano,Flood,gfloodns@ask.com
Tamar,Errett,terrettnt@guardian.co.uk
Kathye,Giacomucci,kgiacomuccinu@pagesperso-orange.fr
Lemar,Meuse,lmeusenv@ning.com
Drusi,Duckhouse,dduckhousenw@eepurl.com
Marjie,Spincks,mspincksnx@amazon.de
Carolyn,Brierley,cbrierleyny@clickbank.net
Tori,Huntress,thuntressnz@shareasale.com
Gipsy,Stanbro,gstanbroo0@mail.ru
Jeffrey,Pinson,jpinsono1@prlog.org
Pearline,Bearsmore,pbearsmoreo2@vk.com
Ricky,McAvinchey,rmcavincheyo3@mapquest.com
Gizela,Aplin,gaplino4@dailymotion.com
Tish,Schmuhl,tschmuhlo5@godaddy.com
Kelcie,Romi,kromio6@npr.org
Elysee,Ong,eongo7@fastcompany.com
Wyatt,Kitchingham,wkitchinghamo8@netlog.com
Jefferey,McCuish,jmccuisho9@ocn.ne.jp
Joby,Garman,jgarmanoa@time.com
Duff,Stiebler,dstieblerob@mit.edu
Scotty,Icke,sickeoc@vimeo.com
Orazio,Bengal,obengalod@lulu.com
Erv,Lammas,elammasoe@dedecms.com
Lauralee,Margiotta,lmargiottaof@quantcast.com
Benjy,Anthon,banthonog@stanford.edu
Jesselyn,Awton,jawtonoh@mysql.com
Mitzi,Gothrup,mgothrupoi@latimes.com
Keenan,Waterworth,kwaterworthoj@gravatar.com
Rodolfo,Byles,rbylesok@umn.edu
Enoch,Brunt,ebruntol@trellian.com
Elroy,Pinwill,epinwillom@flavors.me
Anjanette,Fancutt,afancutton@rambler.ru
Janean,Mityakov,jmityakovoo@home.pl
Marylee,Belliard,mbelliardop@spotify.com
Stephan,Aindriu,saindriuoq@china.com.cn
Cordie,Hansom,chansomor@utexas.edu
Pietrek,Verbrugghen,pverbrugghenos@bizjournals.com
Jenny,Westley,jwestleyot@apple.com
Stuart,Brahm,sbrahmou@paginegialle.it
Agneta,Loseke,alosekeov@google.com.br
Ethelred,Widdison,ewiddisonow@loc.gov
Ivy,Ainscow,iainscowox@cmu.edu
Balduin,Ganter,bganteroy@cornell.edu
Carolina,Colliber,ccolliberoz@va.gov
Glynn,Attawell,gattawellp0@flavors.me
Arvie,Wais,awaisp1@diigo.com
Jeramey,Giacomuzzo,jgiacomuzzop2@mtv.com
Frasier,Ianittello,fianittellop3@princeton.edu
Gilligan,Dudden,gduddenp4@bloglines.com
Geoffry,Spritt,gsprittp5@ning.com
Dorine,Petrello,dpetrellop6@about.me
Hyman,Simkin,hsimkinp7@loc.gov
Kali,Overshott,kovershottp8@marriott.com
Sholom,Berthot,sberthotp9@booking.com
Luce,Meriel,lmerielpa@netlog.com
Hobey,Martinez,hmartinezpb@about.me
Benjy,Zimmermanns,bzimmermannspc@discuz.net
Amelie,Tetlow,atetlowpd@shutterfly.com
Malory,Newton,mnewtonpe@prlog.org
Halli,Leynton,hleyntonpf@squarespace.com
Yorgo,Tench,ytenchpg@mapquest.com
Wye,Zute,wzuteph@tamu.edu
Ezra,Brainsby,ebrainsbypi@unesco.org
Anna,Drennan,adrennanpj@about.me
Evita,Brimilcombe,ebrimilcombepk@toplist.cz
Edwin,Semon,esemonpl@sphinn.com
Tonye,Smorthit,tsmorthitpm@bbb.org
Yule,Belly,ybellypn@apache.org
Taite,Pauls,tpaulspo@bandcamp.com
Margarette,Trench,mtrenchpp@infoseek.co.jp
Jacquetta,Scutter,jscutterpq@google.co.jp
Maryann,Hebble,mhebblepr@seesaa.net
Merrill,Serman,msermanps@intel.com
Russell,Woolveridge,rwoolveridgept@nsw.gov.au
Tiebold,Alan,talanpu@washingtonpost.com
Wylie,Dregan,wdreganpv@google.co.uk
Thorny,Donoher,tdonoherpw@earthlink.net
Orelle,Ginnaly,oginnalypx@e-recht24.de
Jade,Allsobrook,jallsobrookpy@sbwire.com
Caspar,Wrighton,cwrightonpz@arizona.edu
Derwin,Alyutin,dalyutinq0@ca.gov
Mellicent,LAbbet,mlabbetq1@dot.gov
Quill,Hardwick,qhardwickq2@yolasite.com
Clotilda,Firby,cfirbyq3@4shared.com
Rickard,Smallcombe,rsmallcombeq4@reverbnation.com
Claus,Felix,cfelixq5@dot.gov
Cariotta,Fleury,cfleuryq6@opera.com
Kendra,Rathborne,krathborneq7@reddit.com
Jasen,Cherry,jcherryq8@51.la
Coralyn,Hanhardt,chanhardtq9@php.net
Clari,Sheraton,csheratonqa@statcounter.com
Deanna,Nicklinson,dnicklinsonqb@ucla.edu
Chandal,Martt,cmarttqc@jugem.jp
Shayne,Branchet,sbranchetqd@smugmug.com
Rachael,Larwell,rlarwellqe@bbc.co.uk
Karena,Padefield,kpadefieldqf@blogtalkradio.com
Georgena,Croall,gcroallqg@trellian.com
Curtis,McIndoe,cmcindoeqh@ox.ac.uk
Berky,Von Helmholtz,bvonhelmholtzqi@webmd.com
Elmo,Mainds,emaindsqj@netlog.com
Kare,McClymont,kmcclymontqk@qq.com
Ola,Pelosi,opelosiql@pen.io
Sayer,Keith,skeithqm@accuweather.com
Margo,O'Hannen,mohannenqn@printfriendly.com
Kial,Beavors,kbeavorsqo@aol.com
Trula,Backshall,tbackshallqp@nature.com
Edmund,Pantone,epantoneqq@nature.com
Freida,Delgardo,fdelgardoqr@xrea.com
Ber,Fragino,bfraginoqs@msu.edu
Tomi,Bourley,tbourleyqt@nps.gov
Addia,Laborde,alabordequ@theatlantic.com
Traver,Phil,tphilqv@gizmodo.com
Madelene,Frudd,mfruddqw@sun.com
See,Growden,sgrowdenqx@boston.com
Albertina,Biaggetti,abiaggettiqy@yahoo.co.jp
Barth,Getcliffe,bgetcliffeqz@walmart.com
Martha,Comizzoli,mcomizzolir0@ucla.edu
Binny,Bartak,bbartakr1@bloglines.com
Camellia,Oxer,coxerr2@flavors.me
Garwood,Fritz,gfritzr3@cloudflare.com
Merry,Brandolini,mbrandolinir4@cnn.com
Ofelia,Massel,omasselr5@wsj.com
Osmond,Coakley,ocoakleyr6@wikipedia.org
Robbie,Juanico,rjuanicor7@oracle.com
Gregoor,Gatley,ggatleyr8@nbcnews.com
Hewe,Elcomb,helcombr9@storify.com
Rossie,Dobkin,rdobkinra@usgs.gov
Thia,Dunning,tdunningrb@is.gd
Chick,Capey,ccapeyrc@usda.gov
Constancy,Yeowell,cyeowellrd@forbes.com
Siffre,Treneer,streneerre@ucoz.ru
Martica,Drayson,mdraysonrf@paginegialle.it
Billy,Millea,bmillearg@aboutads.info
Lefty,Halpine,lhalpinerh@cmu.edu
Baron,Bengochea,bbengocheari@usa.gov
Kittie,Sawer,ksawerrj@friendfeed.com
Abner,Knappitt,aknappittrk@walmart.com
Dolf,Spon,dsponrl@sun.com
Nessie,Ledwitch,nledwitchrm@reddit.com
Tyne,Pittam,tpittamrn@shutterfly.com
Alwyn,Betteson,abettesonro@gravatar.com
Kay,Schulter,kschulterrp@infoseek.co.jp
Janean,Hoble,jhoblerq@acquirethisname.com
Caz,Tripean,ctripeanrr@howstuffworks.com
